[
  {
    "_id": {
      "$oid": "64aa7ea2c23ac9f0f0e6d736"
    },
    "email": "sarvesh2902@gmail.com",
    "name": "Sarvesh Patil",
    "mobile": "09137473145",
    "gender": "Male",
    "ethnicity": "Asian",
    "resume": "uploads/resume-1688900496202-301912989.pdf",
    "__v": 0,
    "lastClearedRound": 0,
    "vendor": "OnCampus",
    "department": "it",
    "ats_score": 56
  },
  {
    "_id": {
      "$oid": "64aa801bdfe846d0cbd51489"
    },
    "email": "sarveshsamirpatil2002@gmail.com",
    "name": "Anand Patil",
    "mobile": "09137473145",
    "gender": "Male",
    "ethnicity": "Black",
    "resume": "uploads/resume-1688907150567-766706871.pdf",
    "__v": 0,
    "lastClearedRound": 0,
    "vendor": "Referals",
    "department": "hr",
    "ats_score": 76
  },
  {
    "_id": {
      "$oid": "64aa9c20145dd1325297f9aa"
    },
    "email": "sarvesh@gmail.com",
    "name": "Sarvesh Sharma",
    "mobile": "09137473145",
    "gender": "Male",
    "ethnicity": "White",
    "resume": "uploads/resume-1688900496202-301912989.pdf",
    "__v": 0,
    "lastClearedRound": 0,
    "vendor": "Referals",
    "department": "rd",
    "ats_score": 48
  },
  {
    "_id": {
      "$oid": "64aa9c7d145dd1325297f9ab"
    },
    "email": "Sharma@gmail.com",
    "name": "Pravin Sharma",
    "mobile": "09137473145",
    "gender": "Male",
    "ethnicity": "Middle Eastern",
    "resume": "uploads/resume-1688900496202-301912989.pdf",
    "__v": 0,
    "lastClearedRound": 0,
    "vendor": "LinkedIn",
    "department": "marketing",
    "ats_score": 38
  },
  {
    "_id": {
      "$oid": "64aa9c9f145dd1325297f9ac"
    },
    "email": "singh@gmail.com",
    "name": "Shreyansh Singh",
    "mobile": "09137473145",
    "gender": "Male",
    "ethnicity": "Asian",
    "resume": "uploads/resume-1688900496202-301912989.pdf",
    "__v": 0,
    "lastClearedRound": 0,
    "vendor": "OnCampus",
    "department": "finance",
    "ats_score": 62
  },
  {
    "_id": {
      "$oid": "64aa9cb9145dd1325297f9ad"
    },
    "email": "shreya12@gmail.com",
    "name": "Shreya Kumari",
    "mobile": "09137473145",
    "gender": "Female",
    "ethnicity": "Asian",
    "resume": "uploads/resume-1688900496202-301912989.pdf",
    "__v": 0,
    "lastClearedRound": 0,
    "vendor": "OnCampus",
    "department": "sales",
    "ats_score": 73
  },
  {
    "_id": {
      "$oid": "64aa9cd9145dd1325297f9ae"
    },
    "email": "anny12@gmail.com",
    "name": "Anny Joseph",
    "mobile": "09137473145",
    "gender": "Female",
    "ethnicity": "Asian",
    "resume": "uploads/resume-1688900496202-301912989.pdf",
    "__v": 0,
    "lastClearedRound": 0,
    "vendor": "LinkedIn",
    "department": "operations",
    "ats_score": 21
  },
  {
    "_id": {
      "$oid": "64aa9cf1145dd1325297f9af"
    },
    "email": "Betsy@gmail.com",
    "name": "Betsy Mathew",
    "mobile": "09137473145",
    "gender": "Female",
    "ethnicity": "Asian",
    "resume": "uploads/resume-1688900496202-301912989.pdf",
    "__v": 0,
    "lastClearedRound": 0,
    "vendor": "Naukri.com",
    "department": "it",
    "ats_score": 58
  },
  {
    "_id": {
      "$oid": "64aa9d46145dd1325297f9b0"
    },
    "email": "Monica@gmail.com",
    "name": "Monica Rani",
    "mobile": "09137473145",
    "gender": "Female",
    "ethnicity": "White",
    "resume": "uploads/resume-1688900496202-301912989.pdf",
    "__v": 0,
    "lastClearedRound": {
      "$oid": "64aa9d71145dd1325297f9b1"
    },
    "email": "daniel@gmail.com",
    "name": "Daniel Sam",
    "mobile": "09137473145",
    "gender": "Others",
    "ethnicity": "White",
    "resume": "uploads/resume-1688900496202-301912989.pdf",
    "__v": 0,
    "lastClearedRound": 0,
    "vendor": "Indeed",
    "department": "sales",
    "ats_score": 69
  },
  {
    "_id": {
      "$oid": "64aa9da9145dd1325297f9b2"
    },
    "email": "saakshi@gmail.com",
    "name": "Saakshi Sharma",
    "mobile": "09137473145",
    "gender": "Female",
    "ethnicity": "Asian",
    "resume": "uploads/resume-1688900496202-301912989.pdf",
    "__v": 0,
    "lastClearedRound": 0,
    "vendor": "OnCampus",
    "department": "operations",
    "ats_score": 32
  },
  {
    "_id": {
      "$oid": "64aa9dc3145dd1325297f9b3"
    },
    "email": "yukta@gmail.com",
    "name": "Yukta Rane",
    "mobile": "09137473145",
    "gender": "Female",
    "ethnicity": "Asian",
    "resume": "uploads/resume-1688900496202-301912989.pdf",
    "__v": 0,
    "lastClearedRound": 0,
    "vendor": "LinkedIn",
    "department": "finance",
    "ats_score": 42
  },
  {
    "_id": {
      "$oid": "64abfe14a6a303284e7112db"
    },
    "email": "sarvesh2902@gmail.com",
    "name": "Sarvesh Patil",
    "mobile": "09137473145",
    "gender": "Male",
    "ethnicity": "Asian",
    "resume": "uploads/resume-1688900496202-301912989.pdf",
    "__v": 0,
    "lastClearedRound": 0,
    "vendor": "OnCampus",
    "department": "it",
    "ats_score": 28
  },
  {
    "_id": {
      "$oid": "64abfe16a6a303284e7112dc"
    },
    "email": "sarvesh2902@gmail.com",
    "name": "Sarvesh Patil",
    "mobile": "09137473145",
    "gender": "Male",
    "ethnicity": "Asian",
    "resume": "uploads/resume-1688900496202-301912989.pdf",
    "__v": 0,
    "lastClearedRound": 0,
    "vendor": "OnCampus",
    "department": "it",
    "ats_score": 66
  },
  {
    "_id": {
      "$oid": "64abfe18a6a303284e7112dd"
    },
    "email": "sarvesh2902@gmail.com",
    "name": "Sarvesh Patil",
    "mobile": "09137473145",
    "gender": "Male",
    "ethnicity": "Asian",
    "resume": "uploads/resume-1688900496202-301912989.pdf",
    "__v": 0,
    "lastClearedRound": 0,
    "vendor": "OnCampus",
    "department": "it",
    "ats_score": 58
  },
  {
    "_id": {
      "$oid": "64abfe1aa6a303284e7112de"
    },
    "email": "sarvesh2902@gmail.com",
    "name": "Sarvesh Patil",
    "mobile": "09137473145",
    "gender": "Male",
    "ethnicity": "Asian",
    "resume": "uploads/resume-1688900496202-301912989.pdf",
    "__v": 0,
    "lastClearedRound": 0,
    "vendor": "OnCampus",
    "department": "it",
    "ats_score": 25
  },
  {
    "_id": {
      "$oid": "64abfe1ca6a303284e7112df"
    },
    "email": "sarvesh2902@gmail.com",
    "name": "Sarvesh Patil",
    "mobile": "09137473145",
    "gender": "Male",
    "ethnicity": "Asian",
    "resume": "uploads/resume-1688900496202-301912989.pdf",
    "__v": 0,
    "lastClearedRound": 0,
    "vendor": "OnCampus",
    "department": "it",
    "ats_score": 40
  },
  {
    "_id": {
      "$oid": "64abfe1ea6a303284e7112e0"
    },
    "email": "sarvesh2902@gmail.com",
    "name": "Sarvesh Patil",
    "mobile": "09137473145",
    "gender": "Male",
    "ethnicity": "Asian",
    "resume": "uploads/resume-1688900496202-301912989.pdf",
    "__v": 0,
    "lastClearedRound": 0,
    "vendor": "OnCampus",
    "department": "it",
    "ats_score": 53
  },
  {
    "_id": {
      "$oid": "64abfe20a6a303284e7112e1"
    },
    "email": "sarvesh2902@gmail.com",
    "name": "Sarvesh Patil",
    "mobile": "09137473145",
    "gender": "Male",
    "ethnicity": "Asian",
    "resume": "uploads/resume-1688900496202-301912989.pdf",
    "__v": 0,
    "lastClearedRound": 0,
    "vendor": "OnCampus",
    "department": "it",
    "ats_score": 33
  },
  {
    "_id": {
      "$oid": "64abfe22a6a303284e7112e2"
    },
    "email": "sarvesh2902@gmail.com",
    "name": "Sarvesh Patil",
    "mobile": "09137473145",
    "gender": "Male",
    "ethnicity": "Asian",
    "resume": "uploads/resume-1688900496202-301912989.pdf",
    "__v": 0,
    "lastClearedRound": 0,
    "vendor": "OnCampus",
    "department": "it",
    "ats_score": 61
  },
  {
    "_id": {
      "$oid": "64abfe24a6a303284e7112e3"
    },
    "email": "sarvesh2902@gmail.com",
    "name": "Sarvesh Patil",
    "mobile": "09137473145",
    "gender": "Male",
    "ethnicity": "Asian",
    "resume": "uploads/resume-1688900496202-301912989.pdf",
    "__v": 0,
    "lastClearedRound": 0,
    "vendor": "OnCampus",
    "department": "it",
    "ats_score": 27
  },
  {
    "_id": {
      "$oid": "64abfe26a6a303284e7112e4"
    },
    "email": "sarvesh2902@gmail.com",
    "name": "Sarvesh Patil",
    "mobile": "09137473145",
    "gender": "Male",
    "ethnicity": "Asian",
    "resume": "uploads/resume-1688900496202-301912989.pdf",
    "__v": 0,
    "lastClearedRound": 0,
    "vendor": "OnCampus",
    "department": "it",
    "ats_score": 55
  },
  {
    "_id": {
      "$oid": "64abfe28a6a303284e7112e5"
    },
    "email": "sarvesh2902@gmail.com",
    "name": "Sarvesh Patil",
    "mobile": "09137473145",
    "gender": "Male",
    "ethnicity": "Asian",
    "resume": "uploads/resume-1688900496202-301912989.pdf",
    "__v": 0,
    "lastClearedRound": 0,
    "vendor": "OnCampus",
    "department": "it",
    "ats_score": 45
  }
]
